Employee_ID,Attrition_rate
EID_22713,0.202072549
EID_9658,0.192644456
EID_22203,0.18911613
EID_7652,0.213856961
EID_6516,0.206936375
EID_20283,0.178212131
EID_21014,0.199546037
EID_7693,0.196833746
EID_13232,0.199889491
EID_6515,0.217466772
EID_13639,0.185089995
EID_14669,0.200946111
EID_16537,0.197402004
EID_5782,0.164838266
EID_20157,0.205400307
EID_1855,0.160369005
EID_20748,0.21559236
EID_23179,0.197210101
EID_12838,0.181380429
EID_21656,0.177617776
EID_8844,0.187852304
EID_1536,0.180453157
EID_8822,0.190890814
EID_11398,0.194453617
EID_12965,0.195012286
EID_5204,0.189889277
EID_10030,0.21390881
EID_13227,0.181977073
EID_20607,0.20859246
EID_14070,0.184996137
EID_3755,0.198990693
EID_5459,0.208291991
EID_7697,0.191401518
EID_3935,0.17566646
EID_19046,0.190278983
EID_4040,0.172313848
EID_17730,0.186902019
EID_4995,0.197418812
EID_24653,0.178593447
EID_6978,0.175222765
EID_13775,0.208066496
EID_14608,0.180296445
EID_3148,0.202561086
EID_24868,0.207343168
EID_5521,0.173703533
EID_21155,0.204320679
EID_3840,0.183181068
EID_10646,0.182025355
EID_6711,0.206025772
EID_16247,0.188935318
EID_16789,0.1998594
EID_17967,0.185299381
EID_13270,0.190755855
EID_18462,0.165819971
EID_22248,0.190224418
EID_22693,0.195108662
EID_25662,0.195029619
EID_23346,0.196184645
EID_4437,0.192395
EID_18108,0.184578735
EID_7000,0.182583288
EID_22770,0.206262808
EID_7816,0.174627879
EID_19615,0.19421841
EID_23807,0.205382009
EID_16764,0.199338612
EID_16818,0.187339759
EID_22712,0.182504543
EID_18198,0.211347866
EID_11154,0.203606226
EID_22137,0.198656034
EID_11655,0.190922948
EID_18514,0.189711539
EID_24742,0.184656607
EID_16019,0.182299784
EID_7357,0.189343606
EID_20106,0.192555982
EID_13284,0.200563801
EID_5451,0.175476738
EID_19728,0.19724678
EID_9178,0.201779216
EID_13177,0.163851937
EID_14300,0.195852034
EID_4379,0.187234498
EID_11285,0.187262399
EID_14882,0.209958091
EID_9969,0.198362323
EID_23643,0.178755656
EID_5935,0.184654149
EID_7741,0.181963206
EID_6176,0.185151276
EID_5418,0.202152756
EID_20626,0.211803577
EID_1725,0.19365291
EID_14317,0.189109145
EID_12120,0.195260691
EID_20264,0.176046131
EID_16691,0.163390309
EID_1093,0.180096158
EID_2565,0.171781623
EID_11463,0.189583462
EID_12005,0.186613223
EID_10326,0.189329455
EID_12582,0.195600265
EID_18228,0.185269249
EID_11670,0.211569482
EID_24257,0.179582789
EID_7024,0.177158501
EID_10382,0.197461242
EID_20210,0.178850927
EID_10294,0.181984906
EID_19941,0.207184528
EID_25572,0.191771006
EID_7758,0.186404087
EID_22718,0.182277739
EID_1078,0.180166639
EID_8227,0.185324258
EID_1702,0.177340777
EID_3532,0.167868815
EID_22452,0.189512411
EID_3019,0.182475519
EID_22264,0.205224047
EID_9866,0.188375493
EID_3520,0.173182845
EID_21098,0.187496631
EID_1186,0.187816118
EID_12355,0.186401335
EID_11020,0.193208216
EID_19193,0.180671754
EID_17787,0.173494444
EID_13719,0.201192035
EID_24449,0.18212826
EID_12957,0.18974936
EID_24794,0.185971098
EID_2866,0.195237323
EID_10563,0.205998897
EID_22492,0.18477113
EID_4106,0.199117089
EID_6648,0.202774371
EID_7209,0.187211536
EID_9692,0.176488274
EID_22763,0.185671827
EID_12622,0.178662065
EID_9831,0.18313825
EID_5731,0.164351119
EID_1114,0.16338137
EID_25017,0.212708282
EID_22956,0.18113816
EID_5549,0.17994144
EID_12022,0.191692828
EID_8034,0.181228927
EID_20644,0.183567998
EID_20125,0.192751824
EID_21957,0.175228792
EID_8870,0.169350067
EID_2305,0.19317672
EID_3977,0.169702832
EID_14845,0.178122613
EID_6629,0.176766603
EID_14577,0.183031835
EID_24509,0.181138151
EID_1530,0.177305038
EID_21524,0.218016807
EID_6647,0.182484664
EID_19730,0.200348736
EID_4424,0.175880319
EID_7964,0.181555513
EID_6289,0.193294295
EID_2899,0.190473783
EID_2827,0.166029069
EID_8801,0.206367272
EID_20454,0.211570414
EID_18988,0.198863625
EID_8405,0.208930745
EID_14497,0.191747436
EID_11769,0.19298634
EID_21353,0.19509756
EID_2221,0.188844759
EID_13218,0.182522022
EID_4576,0.201028866
EID_17470,0.2078029
EID_14817,0.188238811
EID_21845,0.201227643
EID_21987,0.170106977
EID_1168,0.178918878
EID_14315,0.208188545
EID_5043,0.195185225
EID_1967,0.18322237
EID_22274,0.19050876
EID_11091,0.17393259
EID_18421,0.190500791
EID_8316,0.184767453
EID_13308,0.21608334
EID_19481,0.178231474
EID_17732,0.197775016
EID_4504,0.193368128
EID_2539,0.199913434
EID_19529,0.184588594
EID_2279,0.183217156
EID_14508,0.189899672
EID_12241,0.192878987
EID_11530,0.180121756
EID_20147,0.155237112
EID_6154,0.194710126
EID_3523,0.191549292
EID_20453,0.208701011
EID_11929,0.189434836
EID_12840,0.189298356
EID_22320,0.205552092
EID_25383,0.191703126
EID_10731,0.203462135
EID_1017,0.179268241
EID_1819,0.210644843
EID_22849,0.186991911
EID_12290,0.191539889
EID_24238,0.189313051
EID_3105,0.183744713
EID_14242,0.199563001
EID_16569,0.184174714
EID_8094,0.207190269
EID_7824,0.197916444
EID_8978,0.18019069
EID_25314,0.196019713
EID_17810,0.203638214
EID_14856,0.171302987
EID_22144,0.190365722
EID_23603,0.158908836
EID_7211,0.189291955
EID_19340,0.217629793
EID_1501,0.185990322
EID_22111,0.180025555
EID_16147,0.177948622
EID_16746,0.171943619
EID_20777,0.18452573
EID_12999,0.213606836
EID_21663,0.194496115
EID_11862,0.196752111
EID_17683,0.214185386
EID_19819,0.195470267
EID_21562,0.205272519
EID_24390,0.173705247
EID_14444,0.199132928
EID_3261,0.178519843
EID_7752,0.182975654
EID_3033,0.210838656
EID_22433,0.178304389
EID_23727,0.172369817
EID_24107,0.188447069
EID_22537,0.216847835
EID_13645,0.195056576
EID_16021,0.17488968
EID_19800,0.197595808
EID_1944,0.199530929
EID_15868,0.174188661
EID_22188,0.207317559
EID_13833,0.201010251
EID_15028,0.206031555
EID_24861,0.186429484
EID_13033,0.20606912
EID_23673,0.175979684
EID_13265,0.175863164
EID_23411,0.196849375
EID_3761,0.180673812
EID_7299,0.172336936
EID_2379,0.189073541
EID_18863,0.2019894
EID_12115,0.169492378
EID_23879,0.196679478
EID_16586,0.20679718
EID_19003,0.180856519
EID_11107,0.217650099
EID_15416,0.185282519
EID_19214,0.184885385
EID_5135,0.208983927
EID_22464,0.203654762
EID_22759,0.191142628
EID_17833,0.19740912
EID_17627,0.190361964
EID_25730,0.191625623
EID_2377,0.190317986
EID_18085,0.17591048
EID_14096,0.189353825
EID_8384,0.193285764
EID_17105,0.190093504
EID_9929,0.194657696
EID_13267,0.194904751
EID_12954,0.182176424
EID_4464,0.174848265
EID_11464,0.192329074
EID_19308,0.183818045
EID_17530,0.192394982
EID_6981,0.170688753
EID_19951,0.182888428
EID_1100,0.199004033
EID_25145,0.180884827
EID_15614,0.178264205
EID_2961,0.192365931
EID_1742,0.189083605
EID_2843,0.20312988
EID_9549,0.195188288
EID_12832,0.200260531
EID_17914,0.21489481
EID_22832,0.175045285
EID_5755,0.182923537
EID_1141,0.177564811
EID_18954,0.186703687
EID_10824,0.186381455
EID_24478,0.177586297
EID_14916,0.17869157
EID_4434,0.166863753
EID_23650,0.202529221
EID_16556,0.177756881
EID_24656,0.178204312
EID_25965,0.188002597
EID_9279,0.185773733
EID_13802,0.202282422
EID_2748,0.201531452
EID_17346,0.21212273
EID_1171,0.183585616
EID_1552,0.165978117
EID_20674,0.183402806
EID_2475,0.19102776
EID_16714,0.174729843
EID_7857,0.184171748
EID_3294,0.190893101
EID_2280,0.163372522
EID_10203,0.192702818
EID_22162,0.200044774
EID_10438,0.185622479
EID_12898,0.198699627
EID_4358,0.174436927
EID_6179,0.181738353
EID_2538,0.166103519
EID_13110,0.182853056
EID_24585,0.192252035
EID_1006,0.180198595
EID_11632,0.195866767
EID_21011,0.184234563
EID_16869,0.204869568
EID_20564,0.185148329
EID_12996,0.201037293
EID_1503,0.188932237
EID_23053,0.202775874
EID_22049,0.185694321
EID_4346,0.224679809
EID_1887,0.181284695
EID_16849,0.197941362
EID_10071,0.188203916
EID_11265,0.192604713
EID_12611,0.190504608
EID_25542,0.184787734
EID_11582,0.200497402
EID_19550,0.166992042
EID_5351,0.18633853
EID_3305,0.181771739
EID_18846,0.202996913
EID_24764,0.184408885
EID_2191,0.18977795
EID_6314,0.190651963
EID_23248,0.170469597
EID_4570,0.198162187
EID_16415,0.172491634
EID_11002,0.191714571
EID_20498,0.183814294
EID_7846,0.211643134
EID_24121,0.171716723
EID_7536,0.185002901
EID_2015,0.189247288
EID_7934,0.203863161
EID_20903,0.201349157
EID_17535,0.196011381
EID_19760,0.178749535
EID_9550,0.190849195
EID_4261,0.166885742
EID_19753,0.181364185
EID_13542,0.176951475
EID_24283,0.188197744
EID_7552,0.194180573
EID_11577,0.193668953
EID_3228,0.1774127
EID_17468,0.190296602
EID_15815,0.187588725
EID_2093,0.183596907
EID_21356,0.169036119
EID_12357,0.18981777
EID_18495,0.191037642
EID_5098,0.193228889
EID_12691,0.181953258
EID_13240,0.196964899
EID_19312,0.182887171
EID_23914,0.198849076
EID_23175,0.200277205
EID_15413,0.199527982
EID_4785,0.187770615
EID_25933,0.182323311
EID_22705,0.208932667
EID_19350,0.168810792
EID_5369,0.201471439
EID_20410,0.193921472
EID_12557,0.198210228
EID_17678,0.180838733
EID_1342,0.182496913
EID_12230,0.215241556
EID_1311,0.173205286
EID_5860,0.199411391
EID_4259,0.193871307
EID_10209,0.193111849
EID_2300,0.1825787
EID_17408,0.193706595
EID_1883,0.171990051
EID_1053,0.217698088
EID_23610,0.183216213
EID_17585,0.186872551
EID_20845,0.200184703
EID_15683,0.182008466
EID_11976,0.204169608
EID_12031,0.181428292
EID_1711,0.18060126
EID_6239,0.189689598
EID_25541,0.185688745
EID_9308,0.180482714
EID_18168,0.18328521
EID_11934,0.200228509
EID_23472,0.18302952
EID_13731,0.177292173
EID_16069,0.185622876
EID_18276,0.171824723
EID_6141,0.190937011
EID_12061,0.184037431
EID_9450,0.171873307
EID_21730,0.184385553
EID_19506,0.180993974
EID_13552,0.184195517
EID_9945,0.182237346
EID_1924,0.184121235
EID_18453,0.191311049
EID_20225,0.206201847
EID_18673,0.201804474
EID_11420,0.195127794
EID_16631,0.191776465
EID_21237,0.174550553
EID_5015,0.183718316
EID_20179,0.205557439
EID_12073,0.193796185
EID_21147,0.171115053
EID_6714,0.16872493
EID_10645,0.188841508
EID_18298,0.198234942
EID_2640,0.190668147
EID_2318,0.203937629
EID_25226,0.196131339
EID_24099,0.196533466
EID_20938,0.221495965
EID_8377,0.189184556
EID_7023,0.198619346
EID_11385,0.191973751
EID_15016,0.182807419
EID_25794,0.180088757
EID_11494,0.221913674
EID_2425,0.175561159
EID_9847,0.199010961
EID_3570,0.176380225
EID_13573,0.188937838
EID_13780,0.172134918
EID_2949,0.188482879
EID_19834,0.190912394
EID_11384,0.212410963
EID_23154,0.197675725
EID_9337,0.195664111
EID_3653,0.187212038
EID_4850,0.194572182
EID_16283,0.202373821
EID_5107,0.15998136
EID_25156,0.187323871
EID_17223,0.176122924
EID_14695,0.17191752
EID_11374,0.184602141
EID_13672,0.194227961
EID_6782,0.200176021
EID_25074,0.207138952
EID_21087,0.197161359
EID_13017,0.19654792
EID_9947,0.200996296
EID_21221,0.18828162
EID_21639,0.178932262
EID_20333,0.191545946
EID_2970,0.175085555
EID_7624,0.190132283
EID_15741,0.201534504
EID_1312,0.186073834
EID_19575,0.161445724
EID_21047,0.206309927
EID_11969,0.199716988
EID_19145,0.195595641
EID_9871,0.182629999
EID_18852,0.178234234
EID_22326,0.17918834
EID_7259,0.179251649
EID_21920,0.188925365
EID_1436,0.190056887
EID_8261,0.188622423
EID_23228,0.209897174
EID_5560,0.156907084
EID_22357,0.204523989
EID_4816,0.182543888
EID_10000,0.187499981
EID_21908,0.174033157
EID_14887,0.18585207
EID_12497,0.191934673
EID_17976,0.19238614
EID_17356,0.176290337
EID_9785,0.16611416
EID_16224,0.201646813
EID_6020,0.179039569
EID_20716,0.210772763
EID_11351,0.198083219
EID_20899,0.193860876
EID_9718,0.183913905
EID_9479,0.185897907
EID_25048,0.197658676
EID_23370,0.170336249
EID_13877,0.197759033
EID_12256,0.189337667
EID_1903,0.165660789
EID_8830,0.161546004
EID_22060,0.181015255
EID_11996,0.168927427
EID_21061,0.175357394
EID_22604,0.187082374
EID_18463,0.189180487
EID_11375,0.185506889
EID_2685,0.197365576
EID_16010,0.205283601
EID_19288,0.183334169
EID_9283,0.209439111
EID_11122,0.166850857
EID_6638,0.20350398
EID_25516,0.200081356
EID_3864,0.191848086
EID_9746,0.19361671
EID_8407,0.181776959
EID_25463,0.202606945
EID_23098,0.179057824
EID_22512,0.182920098
EID_14671,0.184758665
EID_18482,0.189781422
EID_8151,0.188876669
EID_16624,0.205089712
EID_1983,0.190888836
EID_18445,0.191702841
EID_11891,0.180661358
EID_2010,0.203537665
EID_4592,0.189870328
EID_17412,0.207937871
EID_24883,0.18484701
EID_15661,0.181195845
EID_11757,0.189920547
EID_2627,0.172623946
EID_13243,0.193150017
EID_10917,0.191256691
EID_4360,0.181161053
EID_13536,0.203412239
EID_10695,0.193656399
EID_5746,0.168378638
EID_1178,0.176188336
EID_15290,0.205032396
EID_3540,0.17080365
EID_14684,0.212187882
EID_7914,0.193468409
EID_23733,0.207646639
EID_5907,0.210768544
EID_5142,0.187261306
EID_7686,0.189920541
EID_12078,0.202827878
EID_4880,0.169352798
EID_1527,0.188971751
EID_15919,0.208558578
EID_1260,0.183602067
EID_22377,0.179698386
EID_7876,0.175406711
EID_1213,0.173419836
EID_4161,0.172558286
EID_3214,0.163579091
EID_17651,0.181322527
EID_8005,0.165758048
EID_12852,0.194470058
EID_21465,0.200109289
EID_7371,0.195567918
EID_25687,0.179039605
EID_17222,0.189295875
EID_1994,0.18255686
EID_22384,0.19939972
EID_6344,0.198674485
EID_18801,0.192393197
EID_13688,0.207156442
EID_13779,0.200596702
EID_24969,0.179998693
EID_15311,0.214010243
EID_9095,0.206666096
EID_11675,0.179117623
EID_14870,0.207964789
EID_1575,0.188448315
EID_7440,0.174025025
EID_24259,0.181802073
EID_19501,0.210100615
EID_23743,0.171472361
EID_13287,0.203533451
EID_2226,0.182936688
EID_22439,0.170556922
EID_16078,0.210796196
EID_18895,0.185176226
EID_19860,0.195860509
EID_24564,0.187348242
EID_21747,0.168699484
EID_4659,0.202805888
EID_24149,0.189417234
EID_13300,0.175532518
EID_16950,0.200865482
EID_23778,0.20330435
EID_14691,0.209172621
EID_10789,0.193573132
EID_5525,0.186193673
EID_19424,0.190526325
EID_6171,0.176604386
EID_19569,0.190219831
EID_4602,0.193534231
EID_17919,0.208161731
EID_4286,0.174566194
EID_1973,0.176008712
EID_25715,0.175654729
EID_23385,0.195976204
EID_13681,0.21465582
EID_25410,0.213149257
EID_18267,0.207725526
EID_15252,0.166060665
EID_23214,0.209132636
EID_18551,0.225226899
EID_2401,0.181205254
EID_7609,0.209050494
EID_21291,0.20679414
EID_10126,0.188717967
EID_19714,0.185621331
EID_4911,0.183579386
EID_12505,0.206114021
EID_10377,0.193980933
EID_3407,0.194435248
EID_3386,0.166808747
EID_7623,0.186029872
EID_19517,0.182077503
EID_21782,0.192900225
EID_12361,0.180135848
EID_21171,0.184105825
EID_17836,0.200707494
EID_20286,0.201589747
EID_25798,0.17803366
EID_15699,0.177968463
EID_17006,0.194397096
EID_22476,0.182411938
EID_9406,0.184165235
EID_13559,0.185588465
EID_1340,0.183532924
EID_17848,0.180089304
EID_20358,0.197000194
EID_14265,0.194251778
EID_9820,0.191046904
EID_13755,0.178573274
EID_13293,0.195369764
EID_25837,0.188911179
EID_20466,0.199175303
EID_11032,0.205169958
EID_2399,0.191503766
EID_23917,0.208013533
EID_17011,0.208582644
EID_8967,0.174389254
EID_24468,0.203478669
EID_8435,0.179397244
EID_17953,0.176977962
EID_7140,0.180825895
EID_24404,0.186268819
EID_14380,0.213145554
EID_1232,0.192700448
EID_1573,0.180539598
EID_3684,0.193132005
EID_15824,0.191511402
EID_9212,0.202681783
EID_21121,0.190995664
EID_6346,0.18294559
EID_9525,0.183367398
EID_9726,0.211837675
EID_2526,0.176246558
EID_4228,0.176424831
EID_14595,0.204847708
EID_15856,0.221048407
EID_6768,0.189556793
EID_23953,0.187771337
EID_19059,0.170818362
EID_5268,0.190176093
EID_7619,0.16363686
EID_23028,0.190282658
EID_22104,0.204018865
EID_10318,0.201783212
EID_25369,0.175022295
EID_16633,0.187966478
EID_15848,0.214097185
EID_2240,0.221472331
EID_1059,0.158157221
EID_9315,0.180624691
EID_15388,0.185138187
EID_9984,0.179013134
EID_4296,0.197851977
EID_10927,0.182444255
EID_25054,0.194175936
EID_1884,0.201438433
EID_21960,0.177807502
EID_5572,0.194713264
EID_16872,0.185661697
EID_24525,0.191975722
EID_14237,0.19529999
EID_7114,0.204759184
EID_7448,0.200870011
EID_17668,0.183392003
EID_7674,0.186710004
EID_5884,0.197125232
EID_13942,0.175457435
EID_13098,0.201285895
EID_7695,0.193885221
EID_5350,0.198830521
EID_22853,0.17029611
EID_2385,0.217755556
EID_18006,0.198627801
EID_12875,0.184490551
EID_5478,0.191916989
EID_18690,0.179585827
EID_12545,0.203554607
EID_13888,0.198630516
EID_9732,0.201956204
EID_18001,0.207928564
EID_17479,0.180467219
EID_23757,0.188568606
EID_1303,0.208474876
EID_5375,0.180783748
EID_5869,0.175234267
EID_8825,0.205008452
EID_22567,0.186064833
EID_16273,0.18011084
EID_20618,0.190290861
EID_3608,0.187741932
EID_8806,0.186652731
EID_23170,0.186603742
EID_12243,0.216333673
EID_20089,0.192081366
EID_16852,0.185742932
EID_18312,0.188235005
EID_14010,0.207279468
EID_14705,0.198698871
EID_20956,0.178237936
EID_18794,0.174356967
EID_1629,0.191467766
EID_25483,0.18826641
EID_4542,0.209173394
EID_10076,0.211205472
EID_9469,0.183095816
EID_25284,0.21273234
EID_11972,0.184519576
EID_1798,0.169604143
EID_21903,0.18944066
EID_20031,0.1912072
EID_20365,0.18784322
EID_9210,0.183918724
EID_19750,0.205813911
EID_4006,0.178072882
EID_24922,0.180648509
EID_4760,0.170167125
EID_11035,0.175979757
EID_21008,0.184022491
EID_23731,0.168113607
EID_21788,0.203094939
EID_5428,0.177769235
EID_14023,0.21512962
EID_2937,0.182077985
EID_16931,0.176234637
EID_18299,0.196787353
EID_6660,0.203999861
EID_23187,0.216622217
EID_14868,0.193579013
EID_23247,0.17144855
EID_15971,0.181225639
EID_7852,0.195793607
EID_7017,0.173859995
EID_7494,0.172311112
EID_18706,0.192032423
EID_22784,0.197953015
EID_10756,0.18971816
EID_6854,0.169292628
EID_12554,0.190940129
EID_1162,0.184774318
EID_19581,0.181925521
EID_2169,0.189217871
EID_25149,0.178098227
EID_22575,0.182711873
EID_2265,0.178390483
EID_19668,0.178381451
EID_19245,0.19092781
EID_8194,0.182637785
EID_8081,0.208792273
EID_8670,0.187138681
EID_7992,0.193571743
EID_6596,0.195036087
EID_3699,0.197185185
EID_9698,0.205863746
EID_1847,0.181930639
EID_16179,0.195347464
EID_23663,0.183534257
EID_24287,0.201933608
EID_3527,0.192534045
EID_18652,0.192979718
EID_24110,0.198774151
EID_21419,0.196524743
EID_12865,0.189104155
EID_9237,0.202586056
EID_20408,0.180251486
EID_22934,0.20556713
EID_6492,0.181647585
EID_20285,0.198164814
EID_1286,0.178528638
EID_12542,0.196873563
EID_5523,0.197549269
EID_1979,0.197696976
EID_23146,0.187316178
EID_4773,0.177198493
EID_8785,0.192837979
EID_4463,0.183294379
EID_24028,0.175307702
EID_20920,0.20160668
EID_21392,0.204436406
EID_4079,0.177856431
EID_5173,0.1763305
EID_22915,0.184915822
EID_18347,0.190987302
EID_7984,0.175678739
EID_25148,0.21569714
EID_4350,0.196218417
EID_6909,0.184535733
EID_10582,0.182962071
EID_6248,0.190891956
EID_10035,0.183368902
EID_24603,0.217951374
EID_1794,0.180585895
EID_9407,0.182788001
EID_2114,0.183939959
EID_21125,0.180954268
EID_15046,0.203663219
EID_8058,0.190906825
EID_1961,0.160651319
EID_23324,0.188586646
EID_21521,0.212914895
EID_11043,0.196399847
EID_6461,0.159919872
EID_10398,0.188275773
EID_20635,0.181629731
EID_22940,0.208838759
EID_8582,0.172973077
EID_12770,0.179294007
EID_15982,0.191240499
EID_19692,0.205273828
EID_18304,0.21103239
EID_13603,0.180181263
EID_6145,0.196015517
EID_16587,0.19536441
EID_16835,0.21893513
EID_8399,0.175693827
EID_7012,0.191416223
EID_20575,0.18378202
EID_20747,0.172523677
EID_3907,0.200142813
EID_22626,0.220286647
EID_4442,0.188066743
EID_18034,0.195416915
EID_16055,0.195666351
EID_21684,0.15947944
EID_17499,0.202230093
EID_1222,0.181296876
EID_17204,0.179996027
EID_22732,0.207688111
EID_8539,0.16875125
EID_23136,0.199265176
EID_24470,0.1938144
EID_17404,0.173484936
EID_21498,0.190391427
EID_19495,0.183212575
EID_23966,0.172006749
EID_1388,0.174179267
EID_7374,0.183763519
EID_25441,0.2067282
EID_16616,0.18640663
EID_7654,0.189168
EID_4217,0.180966945
EID_9968,0.16515088
EID_17830,0.199696444
EID_12023,0.193378311
EID_24002,0.163112004
EID_11371,0.201990243
EID_11096,0.193735732
EID_24835,0.216657594
EID_17439,0.186179989
EID_6587,0.194882271
EID_21946,0.207193522
EID_5431,0.181358648
EID_4723,0.168942235
EID_11535,0.198271583
EID_2330,0.168370057
EID_23531,0.191631729
EID_8913,0.179106671
EID_21273,0.192108872
EID_11927,0.197142069
EID_1385,0.178855429
EID_15758,0.200438857
EID_1023,0.177994419
EID_8959,0.18551188
EID_12911,0.192047797
EID_15925,0.181008379
EID_17769,0.207240534
EID_19842,0.201458183
EID_15875,0.191673426
EID_21284,0.177387095
EID_24825,0.193263481
EID_23825,0.187394786
EID_13001,0.194519579
EID_25601,0.193130953
EID_24670,0.204621724
EID_24412,0.195910749
EID_18712,0.181775633
EID_21138,0.178581104
EID_19335,0.180354589
EID_16753,0.19164729
EID_24399,0.191165407
EID_12567,0.202834213
EID_22161,0.179213856
EID_12609,0.170590803
EID_22249,0.172689397
EID_5314,0.172296144
EID_1897,0.208328964
EID_22507,0.168333874
EID_2878,0.184281542
EID_10098,0.176735713
EID_18435,0.218369601
EID_8063,0.186066589
EID_3512,0.182787137
EID_24444,0.195009087
EID_9813,0.191128733
EID_25132,0.19745588
EID_5613,0.196333671
EID_14062,0.189205738
EID_20073,0.201083377
EID_12506,0.198259937
EID_1092,0.208181477
EID_15895,0.183362864
EID_1039,0.182174673
EID_22016,0.194232103
EID_6764,0.19527747
EID_17384,0.217933182
EID_8705,0.181838734
EID_14832,0.182485159
EID_16473,0.195654083
EID_11186,0.185574439
EID_7476,0.171812692
EID_19671,0.203454644
EID_14001,0.180961224
EID_10658,0.194466779
EID_6668,0.194857068
EID_13786,0.195720022
EID_11224,0.193916509
EID_13296,0.177738315
EID_22145,0.167396281
EID_6494,0.196546857
EID_1649,0.179182512
EID_20878,0.218953705
EID_3790,0.183330976
EID_9257,0.209702678
EID_14917,0.191303101
EID_22052,0.198876899
EID_1198,0.171230913
EID_8478,0.179589512
EID_2071,0.190945119
EID_1250,0.172437682
EID_9000,0.181021069
EID_17319,0.196489489
EID_21794,0.202581021
EID_23350,0.216383229
EID_16278,0.172475619
EID_3330,0.16938678
EID_12584,0.204567025
EID_9354,0.210455119
EID_15007,0.191361574
EID_11656,0.192099641
EID_22526,0.173262839
EID_11027,0.190082846
EID_21588,0.188452651
EID_13717,0.197438126
EID_8073,0.176743931
EID_15972,0.183860173
EID_5730,0.186649214
EID_23968,0.170354073
EID_4299,0.187750698
EID_6302,0.18760376
EID_6974,0.178899818
EID_4829,0.182325757
EID_21139,0.191134587
EID_23456,0.174514564
EID_20110,0.170833714
EID_20342,0.19955997
EID_15238,0.203404082
EID_10349,0.181618442
EID_10077,0.175104854
EID_22330,0.18862842
EID_4368,0.188364089
EID_8859,0.18817118
EID_24277,0.160777287
EID_1061,0.187497295
EID_5597,0.187409373
EID_4820,0.194054896
EID_5863,0.188970346
EID_23680,0.18086604
EID_5542,0.179548523
EID_6203,0.166229127
EID_5355,0.180549816
EID_19669,0.20586365
EID_21725,0.182783304
EID_2138,0.201144488
EID_24278,0.197539178
EID_6591,0.199059043
EID_21056,0.169881578
EID_18759,0.22028882
EID_12059,0.200594077
EID_11077,0.187723952
EID_17216,0.201636283
EID_15655,0.206029591
EID_19017,0.200181238
EID_17846,0.203639918
EID_6418,0.192954815
EID_25942,0.194269514
EID_5420,0.187102088
EID_11764,0.183386969
EID_16483,0.182566996
EID_1901,0.175490088
EID_21480,0.202238633
EID_8006,0.224329154
EID_1282,0.190868301
EID_6895,0.181126789
EID_13677,0.188633244
EID_6071,0.190165652
EID_14425,0.185501663
EID_22685,0.176765549
EID_20203,0.19861261
EID_19161,0.181561472
EID_1947,0.177955674
EID_16574,0.182676286
EID_2561,0.179282365
EID_20668,0.206074419
EID_7831,0.193881228
EID_8769,0.174304371
EID_25191,0.18958492
EID_15590,0.19882425
EID_12458,0.193428166
EID_11406,0.184772492
EID_17629,0.179015724
EID_4632,0.185307325
EID_18455,0.180374098
EID_23077,0.202415256
EID_25024,0.194060371
EID_6269,0.186094426
EID_12100,0.186363054
EID_23190,0.181820868
EID_9030,0.192437962
EID_12359,0.182078281
EID_12041,0.188180763
EID_2019,0.194126412
EID_22974,0.198206955
EID_10351,0.187242883
EID_23630,0.204662736
EID_7309,0.186278937
EID_19821,0.207825852
EID_4033,0.177084951
EID_3435,0.175122991
EID_5759,0.165708077
EID_12826,0.184887637
EID_8148,0.190617336
EID_16088,0.169250042
EID_15783,0.188520903
EID_19521,0.203895055
EID_13016,0.171151245
EID_13708,0.204222464
EID_4237,0.201864309
EID_3620,0.189854952
EID_10042,0.177066552
EID_8833,0.178496096
EID_21028,0.18666881
EID_3485,0.17139172
EID_23372,0.20838894
EID_19410,0.197833878
EID_6598,0.19263449
EID_25371,0.208362373
EID_19483,0.180403849
EID_22826,0.179283353
EID_23606,0.182416137
EID_9346,0.198981775
EID_1608,0.194771627
EID_1603,0.183190167
EID_23041,0.197898414
EID_7801,0.188868867
EID_22456,0.198218738
EID_24428,0.191772271
EID_10811,0.187166019
EID_24566,0.213894671
EID_2531,0.192280083
EID_10878,0.186217982
EID_19548,0.185616
EID_11988,0.202902068
EID_11378,0.21499975
EID_9896,0.202821313
EID_17323,0.193587375
EID_24976,0.184503885
EID_11249,0.192710443
EID_20395,0.176327653
EID_18262,0.167148929
EID_14670,0.202887814
EID_12880,0.187983589
EID_1406,0.182663888
EID_23014,0.196537499
EID_5224,0.196305256
EID_3232,0.173906768
EID_22327,0.191198197
EID_2285,0.203948429
EID_20468,0.199687995
EID_4443,0.193800595
EID_15641,0.181163862
EID_8106,0.200685455
EID_13958,0.171885197
EID_10214,0.21387134
EID_17739,0.191354239
EID_13347,0.173030953
EID_23453,0.177757085
EID_1477,0.199110207
EID_20224,0.15280139
EID_2362,0.180834726
EID_21421,0.196188952
EID_7860,0.202742709
EID_10286,0.172526426
EID_7184,0.182750055
EID_21742,0.19163886
EID_21610,0.197063169
EID_19375,0.191131143
EID_18564,0.20739605
EID_19108,0.201741845
EID_17928,0.180793933
EID_25613,0.193213127
EID_23787,0.173069147
EID_2392,0.203544081
EID_7574,0.200911485
EID_9810,0.184297933
EID_14332,0.215001605
EID_20937,0.174194704
EID_7827,0.17065685
EID_7457,0.19438069
EID_11152,0.180891248
EID_12917,0.167047846
EID_18590,0.202233999
EID_15327,0.202509396
EID_11687,0.201466818
EID_5179,0.169546255
EID_5623,0.18785282
EID_25331,0.194911451
EID_24386,0.203335088
EID_6507,0.192400434
EID_7842,0.179627915
EID_12018,0.192215889
EID_6640,0.199875811
EID_9872,0.188267055
EID_2331,0.213933506
EID_19685,0.185972233
EID_25701,0.212461735
EID_25681,0.194427049
EID_20151,0.18101833
EID_8980,0.206262506
EID_12719,0.193810043
EID_20075,0.186488226
EID_14984,0.167198371
EID_8177,0.169769611
EID_1360,0.203470154
EID_24812,0.20449441
EID_8480,0.196971212
EID_14567,0.204537596
EID_16194,0.205509363
EID_10020,0.198692377
EID_7321,0.183225585
EID_15387,0.197080522
EID_19419,0.176491039
EID_20496,0.19955945
EID_1308,0.172038557
EID_14770,0.179380312
EID_21893,0.186440061
EID_10990,0.180351804
EID_17521,0.198612963
EID_15274,0.206588783
EID_24001,0.193891828
EID_4111,0.187409061
EID_4284,0.18021945
EID_19682,0.189821675
EID_14871,0.207249309
EID_18152,0.17857418
EID_12520,0.181396125
EID_4739,0.184598986
EID_8424,0.185493353
EID_23600,0.182874157
EID_25891,0.20514968
EID_11618,0.200043675
EID_12674,0.203655722
EID_5999,0.194118791
EID_18063,0.168298145
EID_14859,0.185951191
EID_20353,0.174511497
EID_22962,0.176481605
EID_19650,0.162835883
EID_6108,0.187970633
EID_19012,0.21313916
EID_22925,0.177210326
EID_15619,0.194740705
EID_19998,0.204814505
EID_20052,0.193659893
EID_25044,0.201897978
EID_5422,0.195476662
EID_15354,0.213823592
EID_3804,0.168678352
EID_23277,0.16744698
EID_12336,0.193133726
EID_24839,0.171133325
EID_1651,0.215698402
EID_24355,0.177628509
EID_24276,0.201928922
EID_10346,0.18210516
EID_9579,0.186601557
EID_23242,0.187068403
EID_23541,0.196814782
EID_14741,0.148139639
EID_7783,0.187776281
EID_12569,0.209294031
EID_3834,0.186291474
EID_6799,0.21446327
EID_15609,0.200267201
EID_5496,0.185353109
EID_5080,0.204277417
EID_14834,0.215561284
EID_18266,0.192023233
EID_1182,0.164283756
EID_6445,0.201033234
EID_18656,0.187762453
EID_24011,0.185483595
EID_25093,0.201454818
EID_11334,0.197853033
EID_15785,0.18009771
EID_8060,0.164439354
EID_4349,0.205789142
EID_22525,0.18090899
EID_1231,0.194088411
EID_2127,0.175094371
EID_4047,0.16932151
EID_12989,0.185289722
EID_17726,0.207733852
EID_1602,0.188223699
EID_5945,0.179266741
EID_15166,0.198217763
EID_25317,0.180787858
EID_18848,0.188168551
EID_14455,0.19756569
EID_9724,0.196649286
EID_22697,0.186150031
EID_16505,0.191486709
EID_11616,0.178975444
EID_10352,0.210788687
EID_24093,0.174517254
EID_11826,0.198337066
EID_24211,0.200711162
EID_14709,0.206863225
EID_18747,0.184264436
EID_16077,0.179737871
EID_15440,0.185534638
EID_4935,0.17374644
EID_13791,0.208293931
EID_16876,0.188066341
EID_1335,0.182320078
EID_19086,0.206560779
EID_12872,0.18694721
EID_11623,0.185229629
EID_7807,0.206291703
EID_9605,0.200165859
EID_12736,0.206696862
EID_20565,0.189412212
EID_17225,0.20790731
EID_19974,0.184559037
EID_16045,0.184561065
EID_2082,0.169842455
EID_22219,0.18456616
EID_19439,0.177990416
EID_2979,0.181059207
EID_24414,0.191454511
EID_15148,0.198329587
EID_10690,0.200746466
EID_16346,0.201767824
EID_22752,0.203884704
EID_21746,0.206983618
EID_1705,0.181846519
EID_7498,0.190053015
EID_6874,0.185528767
EID_4543,0.191358464
EID_8931,0.179627036
EID_16435,0.197752409
EID_16767,0.195940753
EID_3058,0.180368717
EID_16381,0.192994703
EID_17190,0.174282042
EID_7079,0.159201854
EID_10191,0.191682409
EID_1378,0.176978763
EID_20222,0.192279923
EID_6156,0.178414468
EID_5975,0.176355225
EID_18682,0.177489752
EID_8837,0.184852528
EID_24686,0.203438391
EID_9869,0.209770235
EID_14673,0.198436
EID_14443,0.174667369
EID_21591,0.182051045
EID_25240,0.183193051
EID_18365,0.204732376
EID_9260,0.208810462
EID_10696,0.179864372
EID_18012,0.190450989
EID_17421,0.220404017
EID_23615,0.189503921
EID_14132,0.196400557
EID_13168,0.183474571
EID_16973,0.187416826
EID_13426,0.191381173
EID_1493,0.17097003
EID_3994,0.178178723
EID_10574,0.182852
EID_12394,0.190592557
EID_4781,0.188019269
EID_24911,0.203640182
EID_3205,0.186744942
EID_25568,0.190405772
EID_4343,0.193282011
EID_4330,0.190681623
EID_12518,0.20242477
EID_18426,0.183418641
EID_3862,0.188201867
EID_13478,0.202772187
EID_5607,0.170924239
EID_22353,0.177468156
EID_18346,0.170267403
EID_5978,0.196352246
EID_3391,0.175162764
EID_8525,0.191515563
EID_5245,0.17370587
EID_11791,0.195490699
EID_22913,0.181538181
EID_15587,0.200026649
EID_4851,0.202316442
EID_3432,0.170096739
EID_13090,0.155256059
EID_15117,0.21684894
EID_22004,0.180652357
EID_16053,0.201533808
EID_16458,0.207956579
EID_8021,0.188073771
EID_24385,0.201003111
EID_7053,0.19987009
EID_13544,0.169124039
EID_9014,0.186062826
EID_9246,0.188003975
EID_15642,0.187917203
EID_12295,0.191646213
EID_7925,0.209690811
EID_18473,0.171020729
EID_19427,0.15925907
EID_17027,0.182670917
EID_22093,0.184949274
EID_25611,0.186229888
EID_20490,0.20461207
EID_4204,0.170712323
EID_2604,0.154359977
EID_16152,0.212686255
EID_8563,0.201472392
EID_18620,0.189920432
EID_11012,0.200914003
EID_19598,0.176394199
EID_13159,0.183182209
EID_13171,0.184392449
EID_8374,0.181730707
EID_9838,0.203493003
EID_18489,0.190749152
EID_17451,0.190073848
EID_7269,0.203134704
EID_20548,0.183851681
EID_9466,0.171185109
EID_16085,0.206070869
EID_24082,0.197627004
EID_5078,0.190710351
EID_23951,0.183534196
EID_8327,0.197781321
EID_5904,0.204956021
EID_11085,0.181152447
EID_21437,0.192559897
EID_7471,0.200538945
EID_12046,0.193801572
EID_18653,0.189057329
EID_14175,0.199898449
EID_5514,0.187216988
EID_20148,0.202628148
EID_14260,0.198108966
EID_15574,0.19096151
EID_7287,0.199677689
EID_18889,0.204798912
EID_13106,0.181573274
EID_15448,0.192929071
EID_25897,0.201987281
EID_23758,0.186717242
EID_23208,0.188728202
EID_13646,0.171606148
EID_5467,0.189629004
EID_6022,0.170875971
EID_10923,0.176457046
EID_10408,0.210444823
EID_4186,0.163790501
EID_22022,0.169279318
EID_16390,0.203100924
EID_19493,0.195201177
EID_12519,0.214694815
EID_23549,0.187520897
EID_17612,0.190125441
EID_25007,0.177876602
EID_1949,0.186687247
EID_23313,0.196663175
EID_22516,0.191118999
EID_21836,0.173808596
EID_7268,0.2058651
EID_8202,0.192187612
EID_6613,0.200731486
EID_2596,0.154102043
EID_19849,0.188923166
EID_11546,0.208451132
EID_3942,0.187729254
EID_7899,0.204301224
EID_4802,0.192267107
EID_6725,0.186942358
EID_3835,0.183871974
EID_9511,0.188727192
EID_5757,0.204050132
EID_24838,0.194158938
EID_15225,0.206437152
EID_8238,0.169348792
EID_2826,0.196446181
EID_20774,0.174177382
EID_19311,0.171883659
EID_12339,0.186721851
EID_1583,0.213391733
EID_1033,0.182889932
EID_10764,0.206865629
EID_17203,0.210228287
EID_1345,0.171353134
EID_4951,0.194088736
EID_16956,0.189783396
EID_9203,0.213894022
EID_7021,0.181197807
EID_8707,0.172172495
EID_5209,0.178278857
EID_20428,0.179783561
EID_10913,0.202247829
EID_11507,0.197627038
EID_3693,0.194681418
EID_22857,0.190175459
EID_18744,0.183796277
EID_19600,0.186209056
EID_21336,0.190457861
EID_17676,0.188578753
EID_1678,0.183774793
EID_4889,0.165810738
EID_9961,0.204275771
EID_23386,0.191665371
EID_19835,0.185382604
EID_9519,0.196746912
EID_5449,0.208636724
EID_20640,0.168757083
EID_16387,0.192017929
EID_20293,0.177611468
EID_2296,0.182790093
EID_11827,0.175456684
EID_21522,0.20218956
EID_2767,0.177670291
EID_2873,0.194158066
EID_2603,0.171189568
EID_2674,0.178570232
EID_23682,0.189861756
EID_13310,0.197013643
EID_6523,0.185430394
EID_13056,0.200214828
EID_7244,0.196590663
EID_1072,0.193714812
EID_25833,0.191153096
EID_11244,0.195041392
EID_22918,0.181157071
EID_16735,0.203542621
EID_4201,0.200308155
EID_5998,0.192379644
EID_19254,0.191107589
EID_16653,0.209369725
EID_11729,0.188484583
EID_19573,0.213688654
EID_21463,0.195799965
EID_5899,0.186742426
EID_23613,0.19543959
EID_8609,0.170415553
EID_2660,0.181062313
EID_1333,0.181231617
EID_3212,0.191812983
EID_7830,0.194987597
EID_4372,0.19483842
EID_15955,0.191969752
EID_22059,0.180056931
EID_22804,0.185413256
EID_4700,0.185729624
EID_14401,0.206804942
EID_19971,0.197828395
EID_10684,0.184455518
EID_21512,0.162965981
EID_16722,0.186142822
EID_16012,0.179736411
EID_19093,0.200878003
EID_25636,0.202531217
EID_10567,0.208686049
EID_11601,0.214716545
EID_25697,0.217395157
EID_22131,0.199099648
EID_8511,0.192327853
EID_18114,0.199777099
EID_12784,0.183604993
EID_12820,0.179501539
EID_4512,0.173828693
EID_5837,0.176402662
EID_12564,0.179199229
EID_16737,0.19756602
EID_25986,0.203361625
EID_8729,0.182885441
EID_4386,0.181063687
EID_5223,0.190536963
EID_1494,0.19160366
EID_22699,0.17951315
EID_1083,0.191772922
EID_1329,0.176599101
EID_3550,0.173210069
EID_18845,0.207996924
EID_17946,0.206833226
EID_1712,0.191653408
EID_12024,0.181657364
EID_2974,0.181132601
EID_12806,0.193316665
EID_10396,0.17997338
EID_3998,0.175933601
EID_22451,0.163926449
EID_12242,0.172892473
EID_18599,0.189097437
EID_9423,0.178458386
EID_25347,0.163241889
EID_20183,0.207092956
EID_18079,0.207119558
EID_10059,0.169702832
EID_1322,0.191071325
EID_18109,0.197251875
EID_7325,0.187519611
EID_6000,0.200246502
EID_10760,0.198458287
EID_24380,0.168438331
EID_7070,0.193977846
EID_2796,0.184228142
EID_18860,0.200753412
EID_13597,0.187667423
EID_6858,0.19276424
EID_14987,0.201017081
EID_8902,0.201729718
EID_9453,0.168521945
EID_20605,0.192560455
EID_16020,0.19064375
EID_6335,0.186756815
EID_1317,0.179609203
EID_5575,0.178711006
EID_17433,0.206673029
EID_6238,0.177999465
EID_10734,0.185144413
EID_7661,0.178705851
EID_9281,0.164467907
EID_19259,0.199959472
EID_9544,0.181086591
EID_2572,0.200514975
EID_12706,0.175773163
EID_20500,0.180218658
EID_19258,0.196218627
EID_15915,0.201619251
EID_25265,0.200239562
EID_16567,0.209416116
EID_19553,0.193498388
EID_25403,0.213597204
EID_10354,0.190534829
EID_19522,0.197308309
EID_20132,0.186797168
EID_3363,0.182793298
EID_15253,0.192948335
EID_8368,0.182817153
EID_3883,0.196958484
EID_7323,0.171454017
EID_16203,0.206531899
EID_9080,0.209791873
EID_12266,0.195007569
EID_13777,0.194578006
EID_24876,0.194071036
EID_11961,0.213599208
EID_25871,0.177417129
EID_3563,0.181942057
EID_3377,0.173916421
EID_19924,0.197035179
EID_4070,0.190183876
EID_7727,0.199577111
EID_2253,0.201842092
EID_5056,0.191333535
EID_16751,0.2027068
EID_2105,0.170426531
EID_14078,0.187543848
EID_18779,0.207095785
EID_2218,0.178531193
EID_6130,0.18500788
EID_21722,0.183623118
EID_17748,0.184109267
EID_21322,0.19246062
EID_6016,0.186226508
EID_20480,0.194872698
EID_18843,0.206603393
EID_7336,0.182497343
EID_4455,0.189078067
EID_15206,0.197810461
EID_15582,0.20231359
EID_22381,0.179528266
EID_22606,0.193468632
EID_12159,0.181018031
EID_10027,0.186699552
EID_4107,0.190040235
EID_18932,0.187847638
EID_1321,0.185264746
EID_7759,0.167275098
EID_21961,0.188239821
EID_15289,0.208306299
EID_23069,0.191335897
EID_17187,0.213040538
EID_25372,0.184589137
EID_9787,0.193856351
EID_9797,0.215367699
EID_10831,0.193738489
EID_24620,0.209477939
EID_8715,0.204140535
EID_13459,0.187754486
EID_14031,0.214083006
EID_14541,0.204356772
EID_12395,0.19478089
EID_7150,0.201464426
EID_14422,0.189229187
EID_19060,0.201842436
EID_9338,0.179881612
EID_21042,0.203495208
EID_8011,0.174012882
EID_8102,0.185178161
EID_11068,0.201154267
EID_15461,0.183284382
EID_18509,0.200957424
EID_5796,0.192240796
EID_19905,0.179582265
EID_21609,0.195449749
EID_14873,0.179475815
EID_8033,0.178647047
EID_21354,0.179198464
EID_16377,0.195330514
EID_10566,0.192784759
EID_4791,0.188144231
EID_20944,0.193500299
EID_24913,0.189988839
EID_3868,0.174479269
EID_10611,0.198835502
EID_21702,0.214637669
EID_9472,0.179417728
EID_10746,0.188270651
EID_17717,0.197394979
EID_18535,0.184349292
EID_23706,0.165483296
EID_7039,0.16240561
EID_23797,0.203959268
EID_1574,0.177524016
EID_5931,0.190609749
EID_6468,0.206188947
EID_15805,0.208660728
EID_2988,0.192780397
EID_21966,0.1838255
EID_16571,0.192128739
EID_10082,0.179408623
EID_8359,0.18372898
EID_3200,0.192471455
EID_2206,0.203517764
EID_14234,0.20126819
EID_12498,0.196237659
EID_12009,0.199952647
EID_12486,0.164782442
EID_2679,0.197928055
EID_25329,0.17098875
EID_18268,0.193352658
EID_18253,0.187816244
EID_11915,0.209625524
EID_2503,0.172530109
EID_22110,0.201896994
EID_9344,0.198068143
EID_17568,0.179502885
EID_1445,0.18854731
EID_12971,0.203932296
EID_14129,0.164293671
EID_22888,0.191324285
EID_17510,0.19602825
EID_11722,0.200332605
EID_18542,0.181817457
EID_13158,0.187992645
EID_2810,0.179132362
EID_16559,0.197690307
EID_1124,0.177747618
EID_2137,0.163553594
EID_13145,0.183433019
EID_14181,0.190601701
EID_24695,0.167617042
EID_21367,0.201801272
EID_13213,0.181253593
EID_15852,0.184248646
EID_9531,0.196979973
EID_6197,0.188658389
EID_20012,0.182704804
EID_10381,0.216690979
EID_9136,0.1968352
EID_12063,0.163425615
EID_22318,0.192243225
EID_24047,0.215713005
EID_5834,0.208949673
EID_4763,0.159442403
EID_24096,0.189350541
EID_13825,0.193088327
EID_14326,0.201871892
EID_10111,0.176125401
EID_23362,0.170954377
EID_8682,0.195463959
EID_18727,0.168857421
EID_20725,0.188484854
EID_15976,0.178396108
EID_17626,0.194420151
EID_13302,0.183934693
EID_11333,0.185696489
EID_12305,0.19428889
EID_4987,0.193781667
EID_12132,0.190490216
EID_14163,0.188772697
EID_15666,0.197056564
EID_19257,0.183453541
EID_1591,0.170947839
EID_5610,0.182272858
EID_4835,0.184957887
EID_5060,0.203027227
EID_15897,0.187923402
EID_9771,0.205240443
EID_11486,0.185040996
EID_14583,0.202775336
EID_17832,0.181299146
EID_6876,0.204960896
EID_18560,0.209647106
EID_1091,0.199959255
EID_3837,0.17425163
EID_8508,0.194425573
EID_23640,0.192265517
EID_13280,0.192246958
EID_3352,0.201534976
EID_13404,0.18713401
EID_23565,0.202202682
EID_24526,0.191882746
EID_9254,0.161253446
EID_8916,0.178234423
EID_15227,0.194517442
EID_11672,0.199827511
EID_8926,0.176736494
EID_25125,0.197493595
EID_3170,0.18483635
EID_24612,0.1870065
EID_23932,0.193526656
EID_11554,0.18367523
EID_19854,0.189474671
EID_16362,0.219443605
EID_13195,0.206467633
EID_25559,0.206195522
EID_18526,0.19002555
EID_23226,0.186827503
EID_5873,0.201166113
EID_11286,0.201859484
EID_7573,0.192838871
EID_11669,0.200542111
EID_12639,0.205785642
EID_12309,0.187147222
EID_17566,0.187136257
EID_3644,0.193152271
EID_9921,0.20553197
EID_14703,0.205825937
EID_19366,0.200672066
EID_12449,0.199088206
EID_24591,0.188647758
EID_4698,0.176149911
EID_17657,0.180673639
EID_24446,0.213990616
EID_18528,0.194054663
EID_8868,0.179233434
EID_5820,0.186523743
EID_24215,0.183569303
EID_19176,0.203616963
EID_6578,0.183005256
EID_9672,0.185079925
EID_10702,0.185088237
EID_4741,0.189132309
EID_24067,0.180074096
EID_2416,0.187463179
EID_12089,0.187425663
EID_8392,0.199213797
EID_16766,0.197014599
EID_23137,0.170715591
EID_24704,0.18026422
EID_13184,0.191012032
EID_21642,0.180007878
EID_8050,0.181203101
EID_20432,0.177545955
EID_14456,0.195746763
EID_7769,0.180127035
EID_14077,0.181892732
EID_17805,0.198603871
EID_14927,0.18049541
EID_7995,0.21280056
EID_2297,0.194435661
EID_7960,0.191943639
EID_9481,0.193379722
EID_2781,0.182108836
EID_25571,0.194076574
EID_12462,0.227444765
EID_17761,0.197994242
EID_22310,0.19230037
EID_15161,0.201078063
EID_3361,0.175408028
EID_2166,0.195481114
EID_1515,0.21268119
EID_13787,0.188799237
EID_23496,0.199355532
EID_7820,0.178690886
EID_14433,0.214414569
EID_9405,0.201961688
EID_4195,0.195224456
EID_24190,0.182034844
EID_20400,0.191690839
EID_16111,0.190643671
EID_5502,0.196354072
EID_17381,0.182256068
EID_22435,0.184770276
EID_3060,0.197946883
EID_19197,0.189973349
EID_13311,0.180986245
EID_14282,0.183689413
EID_5849,0.180335745
EID_19845,0.180120054
EID_6965,0.193573735
EID_5048,0.192755311
EID_13766,0.175159799
EID_22269,0.179941663
EID_4363,0.18196277
EID_12215,0.206504878
EID_14479,0.190728014
EID_7348,0.191237728
EID_25664,0.192042313
EID_4940,0.194085281
EID_6877,0.181034287
EID_8337,0.205405033
EID_1775,0.191941242
EID_13938,0.181577451
EID_12735,0.173845088
EID_16138,0.203687498
EID_18586,0.197386451
EID_16650,0.176265907
EID_18259,0.179406322
EID_19144,0.182333787
EID_4483,0.179936936
EID_10929,0.195680377
EID_19882,0.18541459
EID_3779,0.17293103
EID_18678,0.18205878
EID_7168,0.192256902
EID_23279,0.189101648
EID_17008,0.171397139
EID_2795,0.198787514
EID_1833,0.189363484
EID_21026,0.178433933
EID_20322,0.194840383
EID_10026,0.17935403
EID_7742,0.209379002
EID_21792,0.19233134
EID_14341,0.206787306
EID_24634,0.190922843
EID_3379,0.183579982
EID_20627,0.197953317
EID_8572,0.189571153
EID_15104,0.180732141
EID_12426,0.181652733
EID_17588,0.194071243
EID_20961,0.177061691
EID_23260,0.194815697
EID_7213,0.182296453
EID_11851,0.193853126
EID_5696,0.170824919
EID_23011,0.194370889
EID_2035,0.165545436
EID_22461,0.188578195
EID_23215,0.171536019
EID_6913,0.193407142
EID_5739,0.182719739
EID_19814,0.182879666
EID_20320,0.180979469
EID_2043,0.177520929
EID_21992,0.181220003
EID_9324,0.181421557
EID_3863,0.19787863
EID_7513,0.215649688
EID_11120,0.185216525
EID_6548,0.211304939
EID_23957,0.188867564
EID_11408,0.196901167
EID_24638,0.17546025
EID_3908,0.19314175
EID_17023,0.172059107
EID_10902,0.183247446
EID_3543,0.194497992
EID_3633,0.173461039
EID_3394,0.17144681
EID_8619,0.190669339
EID_13424,0.193882928
EID_15405,0.189690316
EID_21727,0.194319501
EID_18916,0.195208236
EID_3335,0.20014253
EID_2811,0.153429353
EID_8620,0.193558095
EID_3249,0.177580384
EID_22140,0.152862514
EID_18934,0.17564066
EID_24271,0.193064245
EID_2164,0.180344717
EID_22961,0.208755119
EID_25318,0.171612872
EID_23064,0.198223476
EID_1056,0.167356276
EID_4389,0.189568858
EID_6949,0.163951435
EID_16133,0.192578873
EID_8023,0.206234326
EID_19426,0.17786993
EID_12895,0.177204487
EID_17667,0.21195059
EID_14826,0.195843088
EID_8807,0.189862904
EID_13977,0.183629744
EID_11167,0.183155466
EID_22535,0.196324335
EID_5357,0.199590675
EID_1450,0.209826992
EID_24647,0.191985936
EID_1516,0.180132956
EID_10122,0.186591521
EID_2423,0.206095404
EID_4276,0.185461709
EID_10610,0.188228457
EID_5840,0.1778561
EID_19117,0.206906395
EID_1753,0.179056141
EID_11679,0.204993114
EID_12425,0.182691701
EID_21118,0.169504847
EID_1348,0.184770802
EID_3143,0.170750353
EID_12153,0.20658526
EID_22834,0.201403051
EID_14978,0.190235266
EID_23361,0.208539154
EID_5207,0.175910488
EID_8395,0.186368447
EID_2440,0.188327346
EID_14196,0.207186326
EID_16684,0.203315748
EID_22520,0.19817775
EID_14689,0.191131762
EID_22890,0.194781625
EID_18695,0.192142011
EID_1275,0.176253494
EID_6033,0.198709334
EID_25616,0.179136106
EID_6190,0.183833722
EID_2964,0.188142074
EID_24869,0.180213702
EID_3319,0.203541964
EID_15857,0.211551808
EID_4615,0.176066849
EID_23926,0.190779769
EID_15506,0.190329152
EID_4168,0.169473755
EID_23593,0.192858742
EID_3108,0.175945487
EID_22846,0.190000472
EID_12618,0.188496979
EID_20341,0.192333225
EID_15441,0.213805281
EID_20278,0.187964536
EID_19511,0.1891033
EID_7832,0.170115671
EID_7775,0.192247845
EID_9409,0.180067393
EID_11483,0.192609287
EID_6657,0.199151309
EID_10338,0.198192427
EID_7683,0.198069653
EID_11854,0.204786448
EID_17102,0.182974269
EID_9882,0.202777335
EID_19326,0.204008497
EID_1670,0.181049532
EID_17455,0.20202566
EID_24867,0.180170179
EID_22972,0.189952704
EID_4679,0.184736604
EID_7172,0.214741139
EID_7401,0.209903316
EID_13199,0.202260881
EID_12244,0.201874424
EID_12771,0.193822086
EID_7230,0.194743487
EID_19736,0.212695726
EID_2755,0.184973127
EID_19126,0.19762201
EID_20949,0.189160013
EID_4573,0.189267659
EID_23671,0.178858688
EID_11580,0.187069401
EID_15600,0.178094374
EID_17577,0.187610014
EID_6773,0.176277806
EID_9565,0.167459534
EID_13401,0.183978707
EID_17438,0.200793029
EID_7604,0.182993939
EID_1215,0.179572654
EID_24765,0.187119376
EID_2084,0.198922783
EID_17898,0.200820611
EID_9752,0.187406728
EID_19867,0.195355151
EID_5430,0.179713516
EID_22617,0.183761973
EID_23590,0.172183125
EID_11131,0.195395411
EID_1623,0.184298429
EID_25390,0.18823546
EID_23316,0.201577413
EID_11595,0.199496299
EID_10827,0.204480781
EID_14787,0.195376781
EID_18290,0.173132124
EID_17889,0.188823109
EID_7936,0.183100191
EID_12044,0.210225635
EID_8205,0.182155378
EID_22950,0.186974374
EID_4965,0.204408581
EID_24073,0.193249995
EID_4946,0.202638948
EID_14618,0.182935923
EID_17692,0.181675964
EID_23220,0.201859372
EID_24364,0.179372277
EID_20216,0.170664289
EID_24865,0.181515258
EID_11009,0.198523134
EID_6889,0.203979767
EID_10375,0.180330836
EID_11917,0.19933143
EID_25323,0.185203252
EID_21841,0.206615777
EID_25278,0.182417758
EID_17857,0.192567195
EID_2991,0.191439839
EID_23822,0.17448703
EID_12098,0.1851141
EID_14665,0.203707005
EID_25373,0.196458033
EID_22143,0.187483017
EID_4000,0.164769074
EID_2951,0.180432214
EID_8610,0.195539671
EID_6998,0.197454329
EID_21972,0.198222437
EID_3582,0.175062344
EID_18220,0.186715258
EID_12381,0.192711739
EID_15689,0.183046547
EID_12239,0.212649029
EID_3987,0.187959376
EID_20164,0.196289023
EID_1654,0.193873248
EID_25583,0.191266369
EID_22736,0.198185086
EID_22169,0.193510481
EID_9495,0.190495865
EID_2465,0.174625135
EID_1659,0.203190796
EID_4509,0.1804366
EID_15264,0.197430779
EID_9494,0.184238149
EID_23657,0.204481922
EID_10376,0.185467026
EID_25277,0.201081361
EID_15121,0.206086521
EID_14760,0.203846358
EID_9160,0.2012452
EID_18574,0.188149386
EID_2977,0.197614367
EID_4745,0.200148092
EID_6762,0.186836311
EID_2682,0.189526948
EID_19172,0.226361133
EID_1013,0.188393314
EID_1242,0.182914709
EID_10336,0.17815106
EID_11247,0.201582662
EID_4631,0.177103737
EID_21660,0.199508345
EID_6752,0.205763058
EID_14409,0.187825352
EID_21720,0.189569562
EID_14495,0.213265202
EID_15348,0.196595084
EID_9610,0.189194434
EID_10629,0.187671176
EID_10182,0.186558842
EID_10598,0.187003717
EID_11065,0.190293531
EID_16129,0.170341906
EID_15572,0.19329655
EID_21059,0.191218228
EID_7812,0.19498507
EID_15162,0.200657162
EID_6911,0.194633109
EID_17591,0.174859526
EID_22638,0.186057798
EID_3217,0.183914413
EID_10116,0.176746298
EID_23199,0.175725948
EID_18844,0.201193485
EID_19931,0.198892995
EID_22215,0.192552595
EID_14623,0.205098268
EID_7884,0.177166167
EID_3197,0.16676145
EID_11291,0.196902452
EID_3320,0.191195213
EID_12585,0.190809988
EID_13592,0.216040095
EID_11264,0.188778821
EID_6997,0.191196346
EID_2327,0.188546908
EID_9340,0.185249565
EID_14544,0.193727911
EID_13055,0.176552456
EID_14014,0.195060805
EID_7429,0.193824057
EID_19008,0.17775576
EID_14283,0.210277328
EID_10882,0.196224186
EID_5194,0.206853204
EID_23844,0.205113865
EID_22628,0.198431225
EID_10033,0.188438797
EID_13281,0.200728041
EID_23871,0.189824334
EID_3621,0.182795917
EID_12968,0.190083572
EID_5819,0.174578336
EID_6694,0.169883831
EID_17656,0.216366374
EID_8888,0.199484066
EID_14552,0.186364912
EID_15342,0.200406634
EID_7728,0.187174577
EID_10331,0.203424321
EID_5479,0.194317029
EID_25526,0.183001702
EID_12348,0.196426407
EID_6196,0.177200513
EID_3619,0.186410223
EID_11280,0.178776224
EID_18119,0.181315547
EID_18058,0.229647299
EID_20911,0.182634824
EID_19840,0.206052161
EID_11808,0.200997125
EID_16265,0.177404749
EID_25976,0.168661067
EID_3872,0.191095372
EID_23029,0.167577954
EID_11745,0.176425254
EID_9556,0.17052268
EID_19748,0.203119596
EID_23253,0.179011544
EID_16237,0.184752452
EID_11694,0.185083834
EID_12824,0.187393559
EID_12797,0.162411515
EID_3524,0.163824803
EID_10559,0.200477346
EID_22844,0.196340786
EID_22281,0.180176275
EID_9535,0.200720319
EID_1642,0.190925722
EID_17630,0.191043341
EID_15083,0.201890845
EID_2690,0.187107188
EID_12199,0.186846282
EID_3449,0.208002832
EID_12097,0.202801028
EID_23272,0.194216691
EID_6890,0.192934363
EID_2438,0.20620966
EID_6508,0.19188297
EID_10772,0.182281206
EID_6076,0.176163836
EID_3045,0.206529109
EID_24779,0.175846076
EID_12553,0.223144394
EID_24984,0.186822512
EID_17157,0.202268921
EID_11823,0.197563771
EID_4765,0.186533152
EID_16143,0.174734531
EID_19658,0.220875514
EID_12035,0.181502823
EID_3481,0.196784222
EID_12776,0.205714059
EID_21160,0.176284586
EID_11127,0.174204145
EID_11784,0.180343644
EID_17458,0.177891318
EID_15653,0.176800864
EID_25399,0.186631422
EID_8799,0.206949649
EID_14529,0.179771014
EID_19407,0.19447143
EID_8224,0.207912235
EID_21582,0.192016367
EID_14807,0.210044827
EID_17338,0.208592073
EID_10635,0.189171857
EID_16300,0.20928712
EID_5155,0.180956557
EID_11136,0.188095093
EID_7716,0.199462995
EID_13041,0.194041807
EID_1572,0.181294633
EID_2382,0.163233855
EID_4568,0.20469075
EID_25153,0.199600901
EID_20523,0.200420857
EID_2332,0.198467675
EID_6143,0.165314101
EID_19549,0.202166705
EID_24568,0.202162835
EID_23211,0.182064681
EID_2342,0.183925568
EID_2922,0.175327302
EID_6026,0.19495623
EID_10107,0.185952476
EID_14855,0.173929661
EID_18780,0.192625205
EID_10578,0.20193118
EID_3842,0.18949446
EID_10225,0.191054521
EID_15275,0.199447171
EID_10740,0.18996851
EID_9483,0.192953172
EID_11262,0.192774705
EID_24388,0.211361336
EID_19271,0.206631101
EID_15363,0.204854974
EID_16555,0.190701944
EID_7387,0.200242182
EID_2692,0.166218493
EID_19754,0.174029687
EID_10859,0.180099075
EID_16618,0.188058404
EID_1697,0.155575099
EID_3764,0.17739251
EID_4502,0.180871514
EID_19240,0.187273285
EID_22590,0.190963924
EID_14056,0.211787332
EID_20697,0.19142293
EID_2505,0.171065975
EID_23288,0.20257616
EID_23373,0.163363064
EID_18878,0.179300839
EID_11857,0.167398573
EID_25945,0.165236497
EID_18242,0.21436097
EID_22823,0.170814583
EID_5625,0.188842822
EID_6702,0.189515068
EID_24252,0.201956515
EID_12704,0.209590989
EID_1770,0.178809778
EID_10159,0.190549476
EID_3702,0.179198817
EID_2688,0.210302248
EID_19784,0.17556354
EID_3636,0.175237932
EID_14537,0.189072494
EID_4878,0.178072569
EID_10260,0.190306853
EID_5154,0.193819376
EID_21206,0.170647266
EID_15511,0.208949902
EID_8010,0.216133809
EID_6249,0.187268016
EID_7392,0.174244909
EID_18362,0.191800554
EID_14147,0.199353493
EID_24826,0.185994171
EID_10862,0.193701869
EID_3088,0.1766467
EID_2871,0.204653659
EID_22681,0.170818644
EID_3720,0.1907857
EID_21540,0.184881377
EID_3516,0.177390532
EID_10969,0.206584424
EID_11396,0.221446388
EID_11407,0.197615464
EID_19264,0.207862323
EID_12406,0.173315814
EID_19440,0.163560727
EID_22729,0.190995841
EID_21143,0.196117205
EID_19936,0.197526447
EID_13997,0.190750086
EID_15533,0.183238898
EID_22065,0.207930438
EID_6600,0.20938551
EID_15316,0.218432139
EID_10721,0.201253026
EID_20630,0.193013363
EID_17720,0.19844521
EID_7692,0.197789014
EID_25004,0.175527363
EID_1804,0.195900699
EID_25207,0.200372882
EID_7638,0.177261472
EID_8179,0.196965712
EID_23406,0.197781893
EID_19285,0.172718976
EID_15333,0.197744484
EID_9685,0.170027617
EID_15725,0.197935876
EID_8302,0.201773736
EID_10726,0.215061001
EID_6168,0.183313607
EID_16711,0.186371933
EID_24881,0.192123789
EID_15281,0.190220582
EID_17428,0.19353286
EID_2814,0.172200152
EID_8717,0.184678032
EID_4395,0.205884281
EID_22871,0.180898015
EID_22152,0.195514249
EID_23649,0.158407172
EID_24748,0.19107766
EID_25426,0.193421954
EID_13986,0.189642176
EID_19704,0.183304688
EID_15554,0.166567795
EID_23100,0.187655926
EID_25408,0.197380714
EID_15870,0.170781217
EID_4048,0.220062588
EID_12712,0.205981548
EID_1937,0.182115617
EID_14246,0.199192367
EID_2569,0.186614933
EID_6228,0.186607595
EID_21309,0.194070132
EID_16971,0.192817
EID_25273,0.16715766
EID_8968,0.178023609
EID_21475,0.195574321
EID_1982,0.183805464
EID_23627,0.176835716
EID_14209,0.174100091
EID_22365,0.197836767
EID_21031,0.181723995
EID_16883,0.220181981
EID_15734,0.171541244
EID_20840,0.170383238
EID_20792,0.189333578
EID_2652,0.196279984
EID_3079,0.169654844
EID_1425,0.166903681
EID_17271,0.170914621
EID_22724,0.203180747
EID_23964,0.206927762
EID_9333,0.178476006
EID_12374,0.19288235
EID_25107,0.201491625
EID_22869,0.190964911
EID_18753,0.180426387
EID_16805,0.198596618
EID_19994,0.186335134
EID_3004,0.168674458
EID_12616,0.190768727
EID_6090,0.193971992
EID_3303,0.199277186
EID_9435,0.185205332
EID_1838,0.185623848
EID_15681,0.193962918
EID_17496,0.202711772
EID_8456,0.168463819
EID_23174,0.161104342
EID_8285,0.181893171
EID_6547,0.178682923
EID_23648,0.166114153
EID_7958,0.185572614
EID_19299,0.185951953
EID_8699,0.176774917
EID_14528,0.214298743
EID_23167,0.195268683
EID_25289,0.193531812
EID_12802,0.188141788
EID_15986,0.203726776
EID_3609,0.18771302
EID_2045,0.167621497
EID_1788,0.211646561
EID_22630,0.204042215
EID_10542,0.202958227
EID_13101,0.171062722
EID_5159,0.188347473
EID_18490,0.175485415
EID_25693,0.16792322
EID_20514,0.173922752
EID_3713,0.183329612
EID_11193,0.204097437
EID_6052,0.180120306
EID_6986,0.199065132
EID_9104,0.177812629
EID_23058,0.20805495
EID_3156,0.186728602
EID_17660,0.195973212
EID_17514,0.21131269
EID_15370,0.184018298
EID_12207,0.192427694
EID_7351,0.195493768
EID_24727,0.20173007
EID_6356,0.176895765
EID_15421,0.195620238
EID_11772,0.202731472
EID_14071,0.202648367
EID_16359,0.183924126
EID_16919,0.198316996
EID_21496,0.192310339
EID_10564,0.192606754
EID_3773,0.178831602
EID_9484,0.213226566
EID_13601,0.171039033
EID_13843,0.209056149
EID_8774,0.201270236
EID_7542,0.199257271
EID_3388,0.209951801
EID_17949,0.191857513
EID_1815,0.155763668
EID_10479,0.170158612
EID_10722,0.192798952
EID_3427,0.197388706
EID_18205,0.196770973
EID_21650,0.184317163
EID_23124,0.182057235
EID_4294,0.175113895
EID_13366,0.181038671
EID_13957,0.190343272
EID_3578,0.194880618
EID_24105,0.189355027
EID_13186,0.194286519
EID_24214,0.192465955
EID_17251,0.201584362
EID_23225,0.176052246
EID_2152,0.187478235
EID_10625,0.210556444
EID_2044,0.17756288
EID_7201,0.204484036
EID_2405,0.212688417
EID_22716,0.201938119
EID_22728,0.205892957
EID_21251,0.199621155
EID_6915,0.201181899
EID_14744,0.204120362
EID_15814,0.178637924
EID_6659,0.172870918
EID_10991,0.186491487
EID_6500,0.17716897
EID_19121,0.17885029
EID_6278,0.204337407
EID_13236,0.182538577
EID_5382,0.179628659
EID_6871,0.185595256
EID_5012,0.165277373
EID_1268,0.20693593
EID_6588,0.176014565
EID_22163,0.186819402
EID_11121,0.202747
EID_22615,0.192657602
EID_7838,0.193768309
EID_3344,0.1760502
EID_25292,0.193847617
EID_10730,0.177974895
EID_10317,0.174057703
EID_13443,0.215439314
EID_10988,0.197957259
EID_23091,0.207175678
EID_1839,0.19168758
EID_13892,0.19491088
EID_1496,0.198966198
EID_15045,0.184309368
EID_3744,0.187782783
EID_13010,0.201303062
EID_9716,0.20646413
EID_2993,0.192678693
EID_23435,0.188642122
EID_8587,0.19371912
EID_22132,0.206109861
EID_21413,0.197273584
EID_11881,0.19593636
EID_19850,0.181176294
EID_18460,0.196657135
EID_17983,0.206365088
EID_14888,0.204693462
EID_14002,0.18141737
EID_13524,0.184123152
EID_4049,0.169692977
EID_6535,0.192762071
EID_10557,0.184974938
EID_1313,0.173314728
EID_12424,0.185351013
EID_8210,0.179735005
EID_22378,0.195670368
EID_19644,0.176489998
EID_8790,0.196067031
EID_5778,0.202955274
EID_23887,0.183323724
EID_16103,0.173300054
EID_20604,0.178986925
EID_17378,0.202828774
EID_5566,0.186193698
EID_24264,0.177862439
EID_7814,0.198815914
EID_1968,0.195639015
EID_10282,0.200108953
EID_13648,0.198659802
EID_22376,0.182802741
EID_3690,0.171226858
EID_17871,0.176724798
EID_19167,0.189487926
EID_5366,0.189654893
EID_16996,0.173383477
EID_1953,0.172504122
EID_8760,0.206718588
EID_20448,0.209917092
EID_15787,0.196806802
EID_18982,0.191111514
EID_4388,0.176166008
EID_22325,0.198599763
EID_10189,0.186521325
EID_21162,0.189748922
EID_1032,0.205094099
EID_12045,0.191067152
EID_18324,0.193834316
EID_15085,0.172206249
EID_21927,0.194593532
EID_13325,0.2000944
EID_17801,0.206984869
EID_7678,0.180718532
EID_17469,0.189682822
EID_14318,0.196954443
EID_16439,0.191137498
EID_2307,0.157636626
EID_20011,0.181323358
EID_19381,0.18217703
EID_14043,0.188451537
EID_14774,0.194068007
EID_22982,0.188311768
EID_19092,0.176869899
EID_13137,0.189225271
EID_5738,0.216461009
EID_19661,0.185114109
EID_22570,0.177959188
EID_16393,0.21452024
EID_4256,0.186331446
EID_17873,0.186202882
EID_13832,0.187115377
EID_17617,0.190806918
EID_3106,0.171418319
EID_6567,0.188162048
EID_4727,0.188793989
EID_14518,0.192883527
EID_1070,0.18692566
EID_19385,0.209244515
EID_20032,0.206406027
EID_11714,0.200260933
EID_23636,0.173657234
EID_1985,0.179443551
EID_5627,0.17934031
EID_15171,0.181025189
EID_8811,0.179810438
EID_2163,0.177560615
EID_8459,0.188862636
EID_18138,0.190305909
EID_17518,0.205144371
EID_17432,0.185469415
EID_25686,0.180857013
EID_2470,0.207873265
EID_16311,0.191865323
EID_6903,0.187178295
EID_11990,0.205865289
EID_23460,0.194365716
EID_25924,0.18115852
EID_13985,0.191938271
EID_5455,0.18512656
EID_13427,0.182845037
EID_24855,0.19104753
EID_15532,0.205702043
EID_8953,0.190027809
EID_22683,0.183549855
EID_22493,0.179907808
EID_1451,0.202799729
EID_20796,0.193259813
EID_17281,0.199406755
EID_7767,0.201362838
EID_20838,0.195758829
EID_17235,0.195611022
EID_21615,0.202275254
EID_6972,0.18643766
EID_13930,0.193518668
EID_4188,0.179622666
EID_11277,0.194663421
EID_18053,0.177793197
EID_11288,0.18930977
EID_1148,0.177632575
EID_19216,0.177273629
EID_7660,0.189221404
EID_22805,0.203584553
EID_11931,0.203557541
EID_16921,0.190752372
EID_4993,0.201403284
EID_18070,0.19333767
EID_15648,0.180619923
EID_11404,0.185931043
EID_14248,0.176661356
EID_15424,0.202106055
EID_8039,0.180797359
EID_7094,0.174400002
EID_13161,0.19635076
EID_9293,0.178786421
EID_4351,0.18309254
EID_17259,0.162301017
EID_2681,0.188073126
EID_22123,0.198428682
EID_8528,0.188240816
EID_11798,0.193382397
EID_20265,0.17974955
EID_21396,0.178196569
EID_12220,0.199392344
EID_25722,0.209472674
EID_21719,0.183539115
EID_3506,0.170129456
EID_2139,0.205357266
EID_6562,0.192475878
EID_4353,0.191001507
EID_24392,0.174621891
EID_11238,0.179349897
EID_20617,0.175516236
EID_21473,0.214369856
EID_16837,0.177452441
EID_1800,0.193721926
EID_25849,0.201717568
EID_9395,0.20645954
EID_2415,0.200794699
EID_9286,0.16393577
EID_5081,0.211756689
EID_22546,0.185733667
EID_11932,0.200958899
EID_16292,0.197247302
EID_17882,0.187175562
EID_20889,0.21002977
EID_10031,0.188835616
EID_21576,0.187222826
EID_8256,0.190246169
EID_2614,0.164153647
EID_2098,0.183618508
EID_10242,0.173540406
EID_21993,0.185238624
EID_22664,0.18805522
EID_1919,0.177543823
EID_11629,0.187156335
EID_6840,0.214057831
EID_25493,0.188470817
EID_14968,0.178571077
EID_25313,0.160195344
EID_8035,0.189114122
EID_8969,0.198470028
EID_15223,0.20091008
EID_6266,0.174075982
EID_8184,0.187269493
EID_19480,0.198493355
EID_19076,0.205907075
EID_16339,0.197229485
EID_7963,0.198587022
EID_17427,0.177820689
EID_12641,0.190341554
EID_4122,0.197632075
EID_23659,0.174372145
EID_13486,0.180797835
EID_18423,0.19337381
EID_2181,0.16092247
EID_25490,0.180581101
EID_9211,0.177343072
EID_5237,0.191945864
EID_2418,0.174792988
EID_17716,0.213773067
EID_13837,0.207273182
EID_2840,0.187903366
EID_13004,0.207522475
EID_14429,0.194945698
EID_18915,0.211487954
EID_22415,0.162867787
EID_4304,0.165076582
EID_10753,0.198256281
EID_22612,0.190641874
EID_1857,0.188778952
EID_3566,0.197786125
EID_8545,0.195934987
EID_21685,0.19029864
EID_9946,0.178370286
EID_20447,0.193470152
EID_3887,0.162892131
EID_8351,0.17643082
EID_23889,0.221270549
EID_8248,0.191770957
EID_16621,0.200074697
EID_25138,0.188201215
EID_10004,0.185759566
EID_5522,0.18044965
EID_23416,0.192106752
EID_14897,0.177715226
EID_10840,0.182979484
EID_21716,0.200220458
EID_18484,0.18438571
EID_7402,0.175027007
EID_24854,0.19388551
EID_1610,0.201596425
EID_17592,0.178167564
EID_22128,0.176792311
EID_17304,0.204967015
EID_1508,0.193658578
EID_20492,0.187797713
EID_2324,0.189161242
EID_17093,0.187487952
EID_23356,0.197593431
EID_17895,0.188938537
EID_8186,0.186691871
EID_19358,0.187819377
EID_6030,0.210256619
EID_17457,0.199900491
EID_14976,0.195494353
EID_8914,0.169416367
EID_5721,0.170136984
EID_11266,0.193239647
EID_17012,0.189044347
EID_7554,0.174976715
EID_3087,0.200790645
EID_19716,0.179569687
EID_21723,0.207552806
EID_13072,0.179657395
EID_9776,0.192447931
EID_25927,0.218171889
EID_5593,0.204207553
EID_13954,0.191226295
EID_16034,0.1767626
EID_1719,0.206273712
EID_23054,0.191208097
EID_15591,0.173532044
EID_5178,0.186922964
EID_24346,0.207401209
EID_21264,0.201522901
EID_3292,0.193592213
EID_14975,0.183280395
EID_9165,0.155777494
EID_23369,0.159979719
EID_18767,0.197885312
EID_10153,0.18169674
EID_2542,0.176930574
EID_23826,0.210414738
EID_20391,0.203681502
EID_8633,0.194031135
EID_5875,0.188662842
EID_12699,0.188195622
EID_12982,0.201354128
EID_16392,0.178939363
EID_8185,0.18918438
EID_15462,0.195583397
EID_4853,0.208555676
EID_17622,0.168180854
EID_23074,0.215415322
EID_6390,0.197582002
EID_24539,0.184987589
EID_12963,0.172606799
EID_8649,0.192335582
EID_11810,0.191633637
EID_3598,0.179349845
EID_13511,0.196836221
EID_16014,0.191696866
EID_24791,0.19861343
EID_3417,0.17907243
EID_24668,0.177625871
EID_4508,0.17681939
EID_25150,0.189236324
EID_25934,0.177197391
EID_6308,0.160573992
EID_10508,0.192941514
EID_18724,0.183822634
EID_10536,0.192685382
EID_18738,0.178426231
EID_15949,0.168398923
EID_20722,0.186566311
EID_14963,0.196733932
EID_6682,0.175006047
EID_8365,0.175825092
EID_17999,0.20133288
EID_24499,0.197520128
EID_20389,0.192366583
EID_12123,0.221114354
EID_19203,0.184463294
EID_3538,0.211157169
EID_19811,0.197798769
EID_11473,0.191607558
EID_3032,0.174676317
EID_8419,0.178086921
EID_9052,0.196643046
EID_15837,0.193542353
EID_6644,0.173956977
EID_16894,0.196353309
EID_10552,0.188477671
EID_14750,0.183163519
EID_16659,0.182530739
EID_4472,0.181628571
EID_4076,0.185838851
EID_5163,0.177834
EID_25923,0.21703598
EID_24806,0.200274064
EID_3742,0.192130905
EID_19722,0.186817215
EID_18033,0.200578038
EID_16718,0.197826296
EID_13182,0.186387704
EID_23021,0.211978681
EID_20329,0.193707005
EID_8770,0.174837284
EID_11234,0.204235468
EID_18881,0.186475229
EID_1365,0.195344189
EID_19318,0.187645063
EID_19343,0.18129877
EID_4435,0.18627766
EID_22102,0.184620222
EID_24095,0.173708617
EID_9897,0.226436262
EID_21635,0.198713351
EID_16514,0.188848969
EID_1997,0.18355488
EID_10324,0.217547286
EID_6487,0.189919025
EID_21197,0.182228942
EID_19082,0.205663571
EID_17562,0.201044447
EID_8738,0.190425147
EID_13687,0.176610978
EID_19572,0.183800149
EID_24909,0.186491373
EID_21814,0.170315243
EID_12083,0.190238916
EID_25919,0.170380373
EID_19140,0.18354798
EID_23924,0.197678566
EID_1208,0.184760033
EID_18170,0.18886962
EID_18699,0.190375296
EID_1318,0.189392277
EID_14941,0.188072524
EID_6540,0.175324544
EID_20936,0.209615899
EID_9705,0.198614615
EID_24181,0.204137335
EID_22138,0.183291769
EID_23044,0.191644901
EID_9038,0.193517958
EID_3247,0.190828752
EID_19630,0.181954994
EID_8655,0.177905109
EID_10423,0.187107433
EID_3946,0.181706533
EID_16512,0.19164938
EID_12473,0.205464625
EID_11571,0.199104487
EID_14381,0.201840183
EID_12675,0.205673224
EID_1930,0.176937055
EID_20155,0.17387415
EID_22902,0.189025639
EID_24145,0.194752036
EID_5342,0.18011456
EID_8334,0.1762191
EID_25708,0.196642611
EID_19991,0.186104016
EID_5499,0.204624732
EID_5953,0.173564492
EID_7444,0.200375912
EID_6218,0.199000937
EID_12891,0.165608269
EID_16456,0.199510371
EID_20256,0.203728479
EID_9959,0.197867915
EID_8845,0.186781616
EID_1662,0.18389017
EID_8739,0.192143958
EID_20695,0.169890304
EID_19446,0.189967044
EID_12441,0.19880356
EID_13066,0.189149654
EID_8911,0.168381648
EID_22200,0.201152644
EID_9689,0.182892768
EID_1668,0.189421115
EID_8120,0.184685874
EID_22777,0.193477904
EID_19141,0.196834523
EID_22674,0.200038566
EID_16121,0.183639179
EID_14662,0.198123563
EID_23290,0.196406035
EID_20144,0.198082287
EID_23052,0.196691992
EID_25575,0.185626245
EID_23724,0.19309624
EID_14759,0.208873775
EID_25209,0.19951528
EID_17753,0.180237141
EID_4693,0.178377262
EID_17284,0.199982262
EID_9131,0.196409253
EID_24625,0.194327328
EID_24912,0.197504063
EID_19612,0.181666978
EID_9147,0.195762256
EID_6891,0.200477536
EID_10639,0.198363747
EID_5880,0.180300833
EID_22547,0.201702134
EID_10066,0.185365769
EID_7126,0.16667948
EID_4929,0.163937994
EID_24750,0.197670292
